<?xml version="1.0" encoding="UTF-8"?>
<dataroot xmlns:od="urn:schemas-microsoft-com:officedata" generated="2009-11-04T13:03:35">
<tblCustomer>
<CustCode>86</CustCode>
<CustLastName>eee</CustLastName>
<CustFirstName>eee</CustFirstName>
<PhoneNum>222222226</PhoneNum>
</tblCustomer>
<tblCustomer>
<CustCode>5</CustCode>
<CustLastName>Leong</CustLastName>
<CustFirstName>Mun Fei</CustFirstName>
<PhoneNum>060390223</PhoneNum>
</tblCustomer>
<tblCustomer>
<CustCode>6</CustCode>
<CustLastName>Yung</CustLastName>
<CustFirstName>Yun-fat</CustFirstName>
<PhoneNum>021053121</PhoneNum>
</tblCustomer>
<tblCustomer>
<CustCode>7</CustCode>
<CustLastName>Virta</CustLastName>
<CustFirstName>Leena</CustFirstName>
<PhoneNum>030983040</PhoneNum>
</tblCustomer>
<tblCustomer>
<CustCode>8</CustCode>
<CustLastName>Larsen</CustLastName>
<CustFirstName>Astrid</CustFirstName>
<PhoneNum>040529828</PhoneNum>
</tblCustomer>
<tblCustomer>
<CustCode>9</CustCode>
<CustLastName>Pranee</CustLastName>
<CustFirstName>Anuwat</CustFirstName>
<PhoneNum>070229122</PhoneNum>
</tblCustomer>
<tblCustomer>
<CustCode>10</CustCode>
<CustLastName>Al Katbi</CustLastName>
<CustFirstName>Hamda</CustFirstName>
<PhoneNum>070257222</PhoneNum>
</tblCustomer>
<tblCustomer>
<CustCode>11</CustCode>
<CustLastName>Lee</CustLastName>
<CustFirstName>Bong Ju</CustFirstName>
<PhoneNum>070289127</PhoneNum>
</tblCustomer>
<tblCustomer>
<CustCode>12</CustCode>
<CustLastName>Wittmann</CustLastName>
<CustFirstName>Silvia</CustFirstName>
<PhoneNum>071039446</PhoneNum>
</tblCustomer>
<tblCustomer>
<CustCode>13</CustCode>
<CustLastName>Chow</CustLastName>
<CustFirstName>Ching-wan</CustFirstName>
<PhoneNum>071239127</PhoneNum>
</tblCustomer>
<tblCustomer>
<CustCode>14</CustCode>
<CustLastName>Andell</CustLastName>
<CustFirstName>Louise</CustFirstName>
<PhoneNum>071249328</PhoneNum>
</tblCustomer>
<tblCustomer>
<CustCode>15</CustCode>
<CustLastName>Drasdo</CustLastName>
<CustFirstName>Klaus</CustFirstName>
<PhoneNum>090293111</PhoneNum>
</tblCustomer>
<tblCustomer>
<CustCode>16</CustCode>
<CustLastName>Al Suwidi</CustLastName>
<CustFirstName>Abdul Fatah</CustFirstName>
<PhoneNum>090471283</PhoneNum>
</tblCustomer>
<tblCustomer>
<CustCode>17</CustCode>
<CustLastName>Pedersen</CustLastName>
<CustFirstName>Wenche</CustFirstName>
<PhoneNum>090753122</PhoneNum>
</tblCustomer>
<tblCustomer>
<CustCode>18</CustCode>
<CustLastName>Tham</CustLastName>
<CustFirstName>Shok Ching, Felicia</CustFirstName>
<PhoneNum>191244156</PhoneNum>
</tblCustomer>
<tblCustomer>
<CustCode>19</CustCode>
<CustLastName>Huang</CustLastName>
<CustFirstName>Mei-Li</CustFirstName>
<PhoneNum>070548142</PhoneNum>
</tblCustomer>
<tblCustomer>
<CustCode>20</CustCode>
<CustLastName>Wu</CustLastName>
<CustFirstName>Mon-Ru</CustFirstName>
<PhoneNum>010724728</PhoneNum>
</tblCustomer>
<tblCustomer>
<CustCode>21</CustCode>
<CustLastName>Redman</CustLastName>
<CustFirstName>Susan</CustFirstName>
<PhoneNum>040314424</PhoneNum>
</tblCustomer>
<tblCustomer>
<CustCode>22</CustCode>
<CustLastName>Manuel</CustLastName>
<CustFirstName>Marivic</CustFirstName>
<PhoneNum>090753124</PhoneNum>
</tblCustomer>
<tblCustomer>
<CustCode>23</CustCode>
<CustLastName>Pound</CustLastName>
<CustFirstName>Nancy</CustFirstName>
<PhoneNum>230393636</PhoneNum>
</tblCustomer>
<tblCustomer>
<CustCode>24</CustCode>
<CustLastName>Russell</CustLastName>
<CustFirstName>Jody</CustFirstName>
<PhoneNum>280892678</PhoneNum>
</tblCustomer>
<tblCustomer>
<CustCode>25</CustCode>
<CustLastName>Pongtana</CustLastName>
<CustFirstName>Vinai</CustFirstName>
<PhoneNum>111187123</PhoneNum>
</tblCustomer>
<tblCustomer>
<CustCode>26</CustCode>
<CustLastName>Bramer</CustLastName>
<CustFirstName>John</CustFirstName>
<PhoneNum>190570167</PhoneNum>
</tblCustomer>
<tblCustomer>
<CustCode>27</CustCode>
<CustLastName>Hareb</CustLastName>
<CustFirstName>Malik</CustFirstName>
<PhoneNum>090771781</PhoneNum>
</tblCustomer>
<tblCustomer>
<CustCode>28</CustCode>
<CustLastName>Smith</CustLastName>
<CustFirstName>John</CustFirstName>
<PhoneNum>230375255</PhoneNum>
</tblCustomer>
<tblCustomer>
<CustCode>29</CustCode>
<CustLastName>Park</CustLastName>
<CustFirstName>Cheol Su</CustFirstName>
<PhoneNum>170438231</PhoneNum>
</tblCustomer>
<tblCustomer>
<CustCode>30</CustCode>
<CustLastName>Messier</CustLastName>
<CustFirstName>Francine</CustFirstName>
<PhoneNum>090877326</PhoneNum>
</tblCustomer>
<tblCustomer>
<CustCode>31</CustCode>
<CustLastName>Bathtke</CustLastName>
<CustFirstName>Freia</CustFirstName>
<PhoneNum>091053128</PhoneNum>
</tblCustomer>
<tblCustomer>
<CustCode>32</CustCode>
<CustLastName>Jones</CustLastName>
<CustFirstName>Mary</CustFirstName>
<PhoneNum>100784832</PhoneNum>
</tblCustomer>
<tblCustomer>
<CustCode>33</CustCode>
<CustLastName>Filho</CustLastName>
<CustFirstName>Erulos</CustFirstName>
<PhoneNum>111046091</PhoneNum>
</tblCustomer>
<tblCustomer>
<CustCode>34</CustCode>
<CustLastName>Lau</CustLastName>
<CustFirstName>Cho-yee</CustFirstName>
<PhoneNum>270459898</PhoneNum>
</tblCustomer>
<tblCustomer>
<CustCode>35</CustCode>
<CustLastName>Pattanawat</CustLastName>
<CustFirstName>Tana</CustFirstName>
<PhoneNum>020789970</PhoneNum>
</tblCustomer>
<tblCustomer>
<CustCode>36</CustCode>
<CustLastName>Lee</CustLastName>
<CustFirstName>Chi-Ying</CustFirstName>
<PhoneNum>111296254</PhoneNum>
</tblCustomer>
<tblCustomer>
<CustCode>37</CustCode>
<CustLastName>Smith</CustLastName>
<CustFirstName>Margaret</CustFirstName>
<PhoneNum>301290522</PhoneNum>
</tblCustomer>
<tblCustomer>
<CustCode>38</CustCode>
<CustLastName>Mercy</CustLastName>
<CustFirstName>Intal </CustFirstName>
<PhoneNum>010178900</PhoneNum>
</tblCustomer>
<tblCustomer>
<CustCode>39</CustCode>
<CustLastName>Andersen</CustLastName>
<CustFirstName>Arild</CustFirstName>
<PhoneNum>250580985</PhoneNum>
</tblCustomer>
<tblCustomer>
<CustCode>40</CustCode>
<CustLastName>Janma</CustLastName>
<CustFirstName>Chaiwut</CustFirstName>
<PhoneNum>080976213</PhoneNum>
</tblCustomer>
<tblCustomer>
<CustCode>41</CustCode>
<CustLastName>Pardell</CustLastName>
<CustFirstName>William</CustFirstName>
<PhoneNum>191068873</PhoneNum>
</tblCustomer>
<tblCustomer>
<CustCode>42</CustCode>
<CustLastName>Al Khumairi</CustLastName>
<CustFirstName>Omar</CustFirstName>
<PhoneNum>040369165</PhoneNum>
</tblCustomer>
<tblCustomer>
<CustCode>43</CustCode>
<CustLastName>Maier</CustLastName>
<CustFirstName>Hermann</CustFirstName>
<PhoneNum>070864155</PhoneNum>
</tblCustomer>
<tblCustomer>
<CustCode>44</CustCode>
<CustLastName>Nerk</CustLastName>
<CustFirstName>Fred</CustFirstName>
<PhoneNum>121071025</PhoneNum>
</tblCustomer>
<tblCustomer>
<CustCode>45</CustCode>
<CustLastName>Linssen</CustLastName>
<CustFirstName>Tanja</CustFirstName>
<PhoneNum>111075080</PhoneNum>
</tblCustomer>
<tblCustomer>
<CustCode>46</CustCode>
<CustLastName>Simmons</CustLastName>
<CustFirstName>Sarah</CustFirstName>
<PhoneNum>111096094</PhoneNum>
</tblCustomer>
<tblCustomer>
<CustCode>47</CustCode>
<CustLastName>Mattila</CustLastName>
<CustFirstName>Minna</CustFirstName>
<PhoneNum>111156090</PhoneNum>
</tblCustomer>
<tblCustomer>
<CustCode>48</CustCode>
<CustLastName>Treed</CustLastName>
<CustFirstName>Janette</CustFirstName>
<PhoneNum>120789132</PhoneNum>
</tblCustomer>
<tblCustomer>
<CustCode>49</CustCode>
<CustLastName>Brueckl</CustLastName>
<CustFirstName>Ilse</CustFirstName>
<PhoneNum>130475398</PhoneNum>
</tblCustomer>
<tblCustomer>
<CustCode>50</CustCode>
<CustLastName>Lim</CustLastName>
<CustFirstName>Mi Young</CustFirstName>
<PhoneNum>170229120</PhoneNum>
</tblCustomer>
<tblCustomer>
<CustCode>51</CustCode>
<CustLastName>Nieminen</CustLastName>
<CustFirstName>Sari</CustFirstName>
<PhoneNum>170259104</PhoneNum>
</tblCustomer>
<tblCustomer>
<CustCode>52</CustCode>
<CustLastName>Lim</CustLastName>
<CustFirstName>Heng Guan</CustFirstName>
<PhoneNum>170428127</PhoneNum>
</tblCustomer>
<tblCustomer>
<CustCode>53</CustCode>
<CustLastName>Ho</CustLastName>
<CustFirstName>Ka-ling</CustFirstName>
<PhoneNum>171146096</PhoneNum>
</tblCustomer>
<tblCustomer>
<CustCode>54</CustCode>
<CustLastName>Jackson</CustLastName>
<CustFirstName>George</CustFirstName>
<PhoneNum>171222455</PhoneNum>
</tblCustomer>
<tblCustomer>
<CustCode>55</CustCode>
<CustLastName>Dilelli</CustLastName>
<CustFirstName>Marcelo</CustFirstName>
<PhoneNum>190123051</PhoneNum>
</tblCustomer>
<tblCustomer>
<CustCode>56</CustCode>
<CustLastName>Mok</CustLastName>
<CustFirstName>Mei Lian</CustFirstName>
<PhoneNum>190471040</PhoneNum>
</tblCustomer>
<tblCustomer>
<CustCode>57</CustCode>
<CustLastName>Olsen</CustLastName>
<CustFirstName>Anders </CustFirstName>
<PhoneNum>191294423</PhoneNum>
</tblCustomer>
<tblCustomer>
<CustCode>58</CustCode>
<CustLastName>Schmied</CustLastName>
<CustFirstName>Franz</CustFirstName>
<PhoneNum>211076141</PhoneNum>
</tblCustomer>
<tblCustomer>
<CustCode>59</CustCode>
<CustLastName>Keller</CustLastName>
<CustFirstName>Verena</CustFirstName>
<PhoneNum>230383040</PhoneNum>
</tblCustomer>
<tblCustomer>
<CustCode>60</CustCode>
<CustLastName>Al Muhairi</CustLastName>
<CustFirstName>Mayssa </CustFirstName>
<PhoneNum>250882090</PhoneNum>
</tblCustomer>
<tblCustomer>
<CustCode>61</CustCode>
<CustLastName>Rath</CustLastName>
<CustFirstName>Christine</CustFirstName>
<PhoneNum>290379082</PhoneNum>
</tblCustomer>
<tblCustomer>
<CustCode>62</CustCode>
<CustLastName>Johansen</CustLastName>
<CustFirstName>Per</CustFirstName>
<PhoneNum>241169899</PhoneNum>
</tblCustomer>
<tblCustomer>
<CustCode>63</CustCode>
<CustLastName>Seah</CustLastName>
<CustFirstName>Koon Chai, Albert</CustFirstName>
<PhoneNum>270834233</PhoneNum>
</tblCustomer>
<tblCustomer>
<CustCode>64</CustCode>
<CustLastName>Chen</CustLastName>
<CustFirstName>Sui-Ban</CustFirstName>
<PhoneNum>060859333</PhoneNum>
</tblCustomer>
<tblCustomer>
<CustCode>65</CustCode>
<CustLastName>Smith</CustLastName>
<CustFirstName>William</CustFirstName>
<PhoneNum>271229987</PhoneNum>
</tblCustomer>
<tblCustomer>
<CustCode>66</CustCode>
<CustLastName>Bosita</CustLastName>
<CustFirstName>Gil</CustFirstName>
<PhoneNum>241047775</PhoneNum>
</tblCustomer>
<tblCustomer>
<CustCode>67</CustCode>
<CustLastName>Satulan</CustLastName>
<CustFirstName>Cristopher</CustFirstName>
<PhoneNum>230574727</PhoneNum>
</tblCustomer>
<tblCustomer>
<CustCode>68</CustCode>
<CustLastName>Cheon</CustLastName>
<CustFirstName>Ki Young</CustFirstName>
<PhoneNum>240283041</PhoneNum>
</tblCustomer>
<tblCustomer>
<CustCode>69</CustCode>
<CustLastName>Spada</CustLastName>
<CustFirstName>Roberto</CustFirstName>
<PhoneNum>241276045</PhoneNum>
</tblCustomer>
<tblCustomer>
<CustCode>70</CustCode>
<CustLastName>Vallmitjana</CustLastName>
<CustFirstName>Juan</CustFirstName>
<PhoneNum>250780223</PhoneNum>
</tblCustomer>
<tblCustomer>
<CustCode>71</CustCode>
<CustLastName>Chang</CustLastName>
<CustFirstName>Wen_Hsian</CustFirstName>
<PhoneNum>270229611</PhoneNum>
</tblCustomer>
<tblCustomer>
<CustCode>72</CustCode>
<CustLastName>Silva</CustLastName>
<CustFirstName>Edson</CustFirstName>
<PhoneNum>280951225</PhoneNum>
</tblCustomer>
<tblCustomer>
<CustCode>73</CustCode>
<CustLastName>Gerber</CustLastName>
<CustFirstName>Carsten</CustFirstName>
<PhoneNum>281276045</PhoneNum>
</tblCustomer>
<tblCustomer>
<CustCode>74</CustCode>
<CustLastName>Mueller</CustLastName>
<CustFirstName>Fritz</CustFirstName>
<PhoneNum>290333161</PhoneNum>
</tblCustomer>
<tblCustomer>
<CustCode>75</CustCode>
<CustLastName>Henckes</CustLastName>
<CustFirstName>Antonio</CustFirstName>
<PhoneNum>290387127</PhoneNum>
</tblCustomer>
<tblCustomer>
<CustCode>76</CustCode>
<CustLastName>Laine</CustLastName>
<CustFirstName>Timo</CustFirstName>
<PhoneNum>290453321</PhoneNum>
</tblCustomer>
<tblCustomer>
<CustCode>77</CustCode>
<CustLastName>Seo</CustLastName>
<CustFirstName>Hanna</CustFirstName>
<PhoneNum>290756126</PhoneNum>
</tblCustomer>
<tblCustomer>
<CustCode>78</CustCode>
<CustLastName>Sommer</CustLastName>
<CustFirstName>Gunnar</CustFirstName>
<PhoneNum>291123051</PhoneNum>
</tblCustomer>
<tblCustomer>
<CustCode>79</CustCode>
<CustLastName>Jokunen</CustLastName>
<CustFirstName>Jussi</CustFirstName>
<PhoneNum>300589141</PhoneNum>
</tblCustomer>
<tblCustomer>
<CustCode>80</CustCode>
<CustLastName>Jasch</CustLastName>
<CustFirstName>Barbara</CustFirstName>
<PhoneNum>310387224</PhoneNum>
</tblCustomer>
<tblCustomer>
<CustCode>81</CustCode>
<CustLastName>Maleewan</CustLastName>
<CustFirstName>Somchart</CustFirstName>
<PhoneNum>310387295</PhoneNum>
</tblCustomer>
<tblCustomer>
<CustCode>82</CustCode>
<CustLastName>Lau</CustLastName>
<CustFirstName>Kwok-wing</CustFirstName>
<PhoneNum>310392581</PhoneNum>
</tblCustomer>
<tblCustomer>
<CustCode>83</CustCode>
<CustLastName>Mario</CustLastName>
<CustFirstName>Zerrudo</CustFirstName>
<PhoneNum>301192331</PhoneNum>
</tblCustomer>
</dataroot>
