<?xml version="1.0" encoding="UTF-8"?>
<dataroot xmlns:od="urn:schemas-microsoft-com:officedata" generated="2009-11-04T13:19:44">
<tblRodeoSeatPrice>
<ECode>D1</ECode>
<RSType>p</RSType>
<Price>69.5</Price>
</tblRodeoSeatPrice>
<tblRodeoSeatPrice>
<ECode>D2</ECode>
<RSType>p</RSType>
<Price>72.5</Price>
</tblRodeoSeatPrice>
<tblRodeoSeatPrice>
<ECode>D3</ECode>
<RSType>p</RSType>
<Price>75.5</Price>
</tblRodeoSeatPrice>
<tblRodeoSeatPrice>
<ECode>D1</ECode>
<RSType>G</RSType>
<Price>49.5</Price>
</tblRodeoSeatPrice>
<tblRodeoSeatPrice>
<ECode>D2</ECode>
<RSType>G</RSType>
<Price>50.5</Price>
</tblRodeoSeatPrice>
<tblRodeoSeatPrice>
<ECode>D3</ECode>
<RSType>G</RSType>
<Price>59.5</Price>
</tblRodeoSeatPrice>
<tblRodeoSeatPrice>
<ECode>D1</ECode>
<RSType>s</RSType>
<Price>29.5</Price>
</tblRodeoSeatPrice>
<tblRodeoSeatPrice>
<ECode>D2</ECode>
<RSType>s</RSType>
<Price>33.5</Price>
</tblRodeoSeatPrice>
<tblRodeoSeatPrice>
<ECode>D3</ECode>
<RSType>s</RSType>
<Price>38.5</Price>
</tblRodeoSeatPrice>
<tblRodeoSeatPrice>
<ECode>D1</ECode>
<RSType>B</RSType>
<Price>24.5</Price>
</tblRodeoSeatPrice>
<tblRodeoSeatPrice>
<ECode>D2</ECode>
<RSType>B</RSType>
<Price>28.5</Price>
</tblRodeoSeatPrice>
<tblRodeoSeatPrice>
<ECode>D3</ECode>
<RSType>B</RSType>
<Price>32.5</Price>
</tblRodeoSeatPrice>
<tblRodeoSeatPrice>
<ECode>D1</ECode>
<RSType>c</RSType>
<Price>60.5</Price>
</tblRodeoSeatPrice>
<tblRodeoSeatPrice>
<ECode>D2</ECode>
<RSType>c</RSType>
<Price>65.5</Price>
</tblRodeoSeatPrice>
<tblRodeoSeatPrice>
<ECode>D3</ECode>
<RSType>c</RSType>
<Price>68.5</Price>
</tblRodeoSeatPrice>
<tblRodeoSeatPrice>
<ECode>D1</ECode>
<RSType>D</RSType>
<Price>24.5</Price>
</tblRodeoSeatPrice>
<tblRodeoSeatPrice>
<ECode>D2</ECode>
<RSType>D</RSType>
<Price>27.59</Price>
</tblRodeoSeatPrice>
<tblRodeoSeatPrice>
<ECode>D3</ECode>
<RSType>D</RSType>
<Price>32.5</Price>
</tblRodeoSeatPrice>
<tblRodeoSeatPrice>
<ECode>D1</ECode>
<RSType>T</RSType>
<Price>12</Price>
</tblRodeoSeatPrice>
<tblRodeoSeatPrice>
<ECode>D2</ECode>
<RSType>T</RSType>
<Price>12</Price>
</tblRodeoSeatPrice>
<tblRodeoSeatPrice>
<ECode>D3</ECode>
<RSType>T</RSType>
<Price>12</Price>
</tblRodeoSeatPrice>
</dataroot>
